#,Name of scholarship,Degree Type,Deadline,Country ,Scholarship Coverage,Language Proficiency,Other relevant notes,Application Link
1,Open University Milton Keynes,PhD,Opens autumn 2025,UK,"full tuition, stipend or maintenance (monthly/annually)",IELTS,"The Open University Faculty of Business and Law
Only for full time study",https://business-school.open.ac.uk/research/research-degrees/phd-studentships
2,Tanya Baker Asad Palestinian American Research Center,PhD,10-Jan-2025,Anywhere,partial tuition,Depends on university or degree program,"Women only. Award is from 5,000-25,000 USD, can be used for any expenses related to the pursuit of the degree (e.g. tuition, research expenses, dissertation write-up support, living expenses). Applicants should either be enrolled or in the process of enrolling in a doctoral program in the humanities or social sciences at an accredited university anywhere in the world.
","Website is temporarily unavailable

https://www.parc-us-pal.org/tanya-baker-asad-scholarship/"
3,University of Alberta International Admissions Scholarship,Bachelor's,10-Jan-2025,Canada,one-time specific value,"IELTS, TOEFL, Duolingo Test",University of Alberta. Max 5000 CAD. No need for seperate application. All applicants are automatically considered for an award.,https://www.ualberta.ca/en/admissions/tuition-and-scholarships/international-undergraduate-scholarships/index.html
4,"London Interdisciplinary Social Science
Doctoral Training Partnership","Master's, PhD",closed,UK,"stipend or maintenance (monthly/annually), partial tuition",Depends on university or degree program,See slides from info session here: https://view.officeapps.live.com/op/view.aspx?src=https%3A%2F%2Fliss-dtp.ac.uk%2Fwp-content%2Fuploads%2F2023%2F12%2FStudent-Briefing-December-2023-final-1.pptx&wdOrigin=BROWSELINK,https://liss-dtp.ac.uk/applying-to-liss/open-competition/
5,Salam Scholarship,"Bachelor's, Master's, PhD",closed,Northern Ireland (UK),"full tuition, accommodation, stipend or maintenance (monthly/annually), travel allowance",IELTS,"Women only. Other English tests may be accepted, but most courses require IELTS.",https://www.ulster.ac.uk/scholarships/the-salam-scholarships?fbclid=IwY2xjawE1L1dleHRuA2FlbQIxMAABHQHIaELIOeAK1WrFA2yPs1ktYF31GiElgheaf9hAbnaltPiPijvACZnNHg_aem_2ZRx3dpQ2EBirOuHFw5MMQ
6,Dr Mai Yamani Scholarships at SOAS,Master's,closed,UK,"full tuition, stipend or maintenance (monthly/annually)","IELTS, TOEFL","SOAS University of London. See English language requirements here: https://www.soas.ac.uk/english-language-requirements.

Any full-time (1 year) taught master’s degree programme beginning in 2025/26.
Part-time and 2-year courses are not eligible.

Each award will provide tuition fees in full and a stipend of up to £17,340 to support living and study costs. There will also be one Dr Mai Yamani Scholarship available with accommodation provided by GoodEnough College. This scholarship will cover tuition fees in full, accommodation and up to £3,340 to be paid to the awardee.",https://www.soas.ac.uk/study/student-life/finance/scholarships/dr-mai-yamani-scholarship
7,Danish Government Scholarship,Master's,closed,Denmark,"full tuition, partial tuition","IELTS, TOEFL",Only for certain Master's in Engineering degrees.,https://www.sdu.dk/en/uddannelse/fees_and_funding/scholarships
8,Sparkasse// Constructor University,Bachelor's,closed,Germany,partial tuition,"IELTS, TOEFL, Duolingo Test","For BSc Mathematics, Modeling and Data Analytics at Constructor University. The scholarship will cover a part of the tuition fees in the maximum amount of €3,600 for Fall 2025",https://constructor.university/programs/undergraduate-education/mathematics-modeling-data-analytics/financing#sparkasse-mathematics-scholarship
9,California Pathways Scholarship – Sacramento State,Bachelor's,closed,USA,"full tuition, stipend or maintenance (monthly/annually), accommodation",Duolingo Test,For 2 high-achieving students from Gaza per year. Requires service project for Gaza's revitalization. Applicants must complete Tawjihi or high school equivalent by 2025. GPA minimum: 3.2 to maintain scholarship. Community engagement and project participation required.,https://docs.google.com/forms/d/e/1FAIpQLSeRckMNBLiS9tdczwJyTd8BR18T6lCLzT4KQEtAHyNBVu-aPg/viewform
10,Turkiye Scholarships,"Bachelor's, Master's, PhD",closed,Turkiye,"full tuition, accommodation, travel allowance, stipend or maintenance (monthly/annually), health allowance",Depends on university or degree program,"Applications are accepted between 10 Janurary and 20 February of every year
1 year Turkish language course is also provided",https://www.turkiyeburslari.gov.tr/
11,British Council's HESPAL (Higher Education Scholarships for Palestinians) scheme,"Master's, PhD",closed,UK,"full tuition, stipend or maintenance (monthly/annually), travel allowance",IELTS,"Application cycle for the 2026/2027 academic year is expected to open in November 2025

Other English tests besides IELTS may be accepted. 

Scholarship administered with select partner universities, including Lancaster (https://www.lancaster.ac.uk/study/fees-and-funding/scholarships-and-bursaries/higher-education-scholarships-for-palestinians/ ) and Sussex (https://archive.sussex.ac.uk/study/scholarships/1611-HESPAL-Higher-Education-Scholarships-Scheme-for-the-Palestinian-Territories )",https://www.britishcouncil.ps/en/study-uk/scholarships/hespal 
12,Wells Mountain Initiative (WMI) Scholarship,Bachelor's,1-Mar-2026,Developing Countries,stipend or maintenance (monthly/annually),Depends on university or degree program,"Focus on community service and leadership
Completed 2026 applications will start to be accepted on 01 Dec 2025
Will be studying in their home country or another country in the developing world",https://www.wellsmountaininitiative.org/
13,JetBrains// Constructor University,Bachelor's,closed,Germany,"full tuition, accommodation, stipend or maintenance (monthly/annually), travel allowance","IELTS, TOEFL, Duolingo Test","For BSc Software, Data and Technology - Financing at Constructor University. You must pass the scholarship test, which seems time-sensitive and dependent on reliable internet: You will receive a unique link to the test which is valid for 7 days. You will have 4 hours to complete all the tasks.",https://constructor.university/programs/undergraduate-education/software-data-and-technology/sdt-financing#expand
14,Gazan Humanitarian Scholarship – University of Leeds,Master's,closed,UK,"full tuition, stipend or maintenance (monthly/annually), visa cost, health allowance, travel allowance","IELTS, TOEFL","For Gazans displaced due to conflict, residing outside the UK
Covers most full-time postgraduate taught degrees",https://www.leeds.ac.uk/masters-scholarships-bursaries/doc/gazan-humanitarian-scholarship-1
15,Durham Palestine Education Trust,Master's,closed,UK,"full tuition, stipend or maintenance (monthly/annually), visa cost, travel allowance, accommodation",IELTS,They are offering at least 5 IELTS Fee scholarships to cover IELTS test fees so that way students can apply to the Durham Master's scholarship in 2026. More info here: https://durhampalestine.webspace.durham.ac.uk/scholarships/ieltsscholarship/ ,https://durhampalestine.webspace.durham.ac.uk/scholarships/
16,Scholarships for Palestinian Students in Singapore,"Master's, Bachelor's",closed,Singapore,"full tuition, stipend or maintenance (monthly/annually), accommodation, travel allowance",,Supports two Palestinian students annually at top institutions,https://www.uni-med.net/partner-news/call-for-applications-scholarships-for-palestinian-students-in-singapore-apply-by-march-30th-2025/
17,Humanitarian Scholarship at University of Manchester,Bachelor's,closed,UK,"full tuition, stipend or maintenance (monthly/annually), visa cost","IELTS, TOEFL",University of Manchester,https://www.manchester.ac.uk/study/international/finance-and-scholarships/funding/
18,Lutfia Rabbani Scholarship fund,Master's,closed,The Netherlands,one-time specific value,Depends on university or degree program,"Leiden University. Up to € 30,000 for one academic year (maximum), depending on tuition fees and budget. ",https://www.universiteitleiden.nl/en/scholarships/sea/leiden-university-fund---lutfia-rabbani-scholarship-fund
19,St Andrews Education for Palestine Students (STEPS),Master's,closed,UK,"full tuition, accommodation, stipend or maintenance (monthly/annually), travel allowance","IELTS, TOEFL","University of St. Andrews, for one-year postgraduate taught course of study",https://www.st-andrews.ac.uk/study/fees-and-funding/scholarships/scholarships-catalogue/postgraduate-scholarships/st-andrews-education-for-palestinian-students/
20,"Bayer Foundation Scientific Fellowships for Master, PhD, and Medical Students",Research Fellowship,closed,Germany ,one-time specific value,unclear,"Eligible for up to 10.000 € funding and can undertake fellowships for up to six months. Please note that you must be an enrolled student.

https://www.bayer-foundation.com/sites/g/files/vrxlpx38116/files/2024-12/Final_2025_Guidelines_Scientific_fellowships_EN_0.pdf ","https://www.bayer-foundation.com/science/fellowships-stipends#ForStudentTeachers 
"
21,Islamic Development Bank,"Bachelor's, Master's, PhD, Postdoc",closed,Various ,"full tuition, stipend or maintenance (monthly/annually)",Depends on university or degree program,Islamic Development Bank offers various scholarships with different requirements,https://www.isdb.org/scholarships-backup/scholarship-programs
22,International Merit Scholarship (Sheffield Uni),Bachelor's,Closed,UK,partial tuition,IELTS,"Sheffield University.  £10,000 award per year of tuition. The maximum value is £30,000 for three year programmes and £40,000 for four year programmes",https://www.sheffield.ac.uk/international/fees-and-funding/scholarships/undergraduate
23,University of Bristol Phyllis Mary Morris,Master's,Closed,UK,one-time specific value,"IELTS, TOEFL, Depends on university or degree program",University of Bristol. £2000 one-time living cost bursary for an international student on a postgraduate taught programme in the School of Geographical Sciences,https://www.bristol.ac.uk/students/support/finances/scholarships/phyllis-mary-morris-bursaries/
24,University of Bristol Michael Wong Pakshong,Master's,Closed,UK,one-time specific value,"IELTS, TOEFL, Depends on university or degree program","University of Bristol. £3000 one-time living cost bursary for postgraduate taught programme in the Faculty of Arts, Social Sciences and Law",https://www.bristol.ac.uk/students/support/finances/scholarships/wong-pakshong-bursary/
25,Sir Siegmund Warburg Scholarship,Master's,closed,UK,"stipend or maintenance (monthly/annually), full tuition",Depends on university or degree program,"London School of Economics (LSE) studying a one year taught master's programme in MSc Human Rights or MSc Human Rights and Politics. For your application to be considered you must have met both of the following conditions by the deadline: 

- received a conditional or unconditional offer of study at LSE

- sucessfully submitted a Graduate Financial Support Application",https://www.lse.ac.uk/study-at-lse/Graduate/fees-and-funding/sir-siegmund-warburg-scholarship
26,LSE International Student Scholarship Graduate Support Scheme,Master's,closed,UK,one-time specific value,"IELTS, TOEFL","London School of Economics. For diploma and taught master's study

The value of GSS awards ranges from £5,000 to £15,000, depending on financial need.

This scheme is aimed at supplementing applicants who already have some form of funding secured and need a bit more to cover all the costs at LSE. If you have a greater need, and you submit a personal statement with your Graduate Financial Support Application, you will be considered for other LSE scholarships which can offer a higher level of funding.",https://www.lse.ac.uk/study-at-lse/Graduate/fees-and-funding/pgt-application-overview
27,Goldsmiths Palestinian Scholarship,Master's,closed,UK,"full tuition, travel allowance, stipend or maintenance (monthly/annually)",unclear,"Goldsmiths University of London.
Full tuition fee waiver, a living allowance of £19,550 for their year of study, and we will also pay for a return trip to and from the UK.",https://www.gold.ac.uk/fees-funding/scholarships/palestinian-scholarship/
28,Atal Bihari Vajpayee General Scholarship (India),"Master's, PhD, Bachelor's",closed,India,"full tuition, stipend or maintenance (monthly/annually), partial tuition","TOEFL, IELTS",Must meet academic/language requirements of Indian institutions,https://www.birzeit.edu/en/announcements/call-applications-atal-bihari-vajpayee-general-scholarship-scheme-a1201-palestinian
29,UCL Humanitarian Scholarship for students fleeing conflict,Master's,closed,UK,"full tuition, visa cost, stipend or maintenance (monthly/annually), health allowance, travel allowance","IELTS, TOEFL",University College London. ,https://www.ucl.ac.uk/scholarships/ucl-humanitarian-scholarship
30,Scholarships for Palestine – University of Sussex,Master's,1-Jun-2025,United Kingdom,"full tuition, stipend or maintenance (monthly/annually)",,Priority for those from Gaza or refugee camps; offer required,https://www.sussex.ac.uk/study/fees-funding/masters-scholarships/view/1801-Scholarships-for-Palestine
31,Scholarships for Palestine – University of Sussex,Master's,closed,UK,"full tuition, stipend or maintenance (monthly/annually)",Duolingo Test,"Priority for those from Gaza or refugee camps; offer required
Must have offer to study at Sussex (starting Sept 2025); open to holders of Palestinian ID/travel docs; priority given to applicants from Gaza, refugee camps, or those displaced after October 2023; not open to those with a Master’s degree or previous international study experience.",https://www.sussex.ac.uk/study/fees-funding/masters-scholarships/view/1801-Scholarships-for-Palestine
32,Wellington Doctoral Scholarship,PhD,1-Nov-2025,New Zealand,"stipend or maintenance (monthly/annually), partial tuition","IELTS, TOEFL","Closing date(s): Three rounds each year closing 1 March, 1 July and 1 November.
Consists of a $30,500 per annum stipend plus domestic tuition fees for up to three years
Open to graduates of any university worldwide with excellent academic records    
",https://www.wgtn.ac.nz/scholarships/current/wellington-doctoral-scholarships
33,University of Auckland Doctoral Scholarships,PhD,1-Nov-2025,New Zealand,"full tuition, stipend or maintenance (monthly/annually), health allowance",unclear,"Full tuition is available for 36 months
",https://www.auckland.ac.nz/en/study/scholarships-and-awards/scholarship-types/postgraduate-scholarships/doctoral-scholarships.html
34,Global MIT At-Risk Fellows Program Palestine,Research Fellowship,closed,USA,"stipend or maintenance (monthly/annually), travel allowance, health allowance, accommodation",,"Information about the 2026 application will be shared in September/October 2025.

Palestinian researchers with recent academic/research appointments; born in Palestine or refugee camps",https://global.mit.edu/gmaf-palestine/
35,University of Sydney,"Master's, PhD","12-Sep-2025

19-Dec-2025",Australia,"full tuition, health allowance, stipend or maintenance (monthly/annually)","Depends on university or degree program, IELTS, TOEFL",Must be in a higher degree by research program. More on English language requirements here: https://www.sydney.edu.au/study/applying/how-to-apply/international-students/english-language-requirements.html#postgraduate ,"https://www.sydney.edu.au/scholarships/australian-government-research-training-program.html

This link includes several scholarships that are similar but it is worth looking at the details for each one"
36,Stipendium Hungaricum,"Bachelor's, Master's, PhD",closed,Hungary,"full tuition, accommodation",Depends on university or degree program,,https://stipendiumhungaricum.hu
37,Palestine Crisis Scholarship Scheme (Oxford),Master's,closed,UK,"full tuition, stipend or maintenance (monthly/annually), travel allowance",Depends on university or degree program,"Open to those who hold an offer for any one-year full-time or two-year part-time taught master's course starting in the 2025-26 academic year,",https://www.ox.ac.uk/admissions/graduate/fees-and-funding/fees-funding-and-scholarship-search/crisis-scholarship-scheme
38,SS Scholarship Fund - MSU,"Bachelor's, Master's, PhD",closed,USA,one-time specific value,TOEFL,"For students in a STEM field
Awards will be for the amount of at least $10,000",https://isp.msu.edu/information-resources/student-funding/ss-scholarship-fund/
39,SAFE Fellowships,"PhD, Postdoc",20-Jan-2025,Europe,"full tuition, stipend or maintenance (monthly/annually), travel allowance",,"Please note that SAFE is a pilot project, therefore only one call is foreseen at this stage

Applications must be submitted by prospective host institutions on behalf of researchers who meet the eligibility criteria",https://saferesearchers.eu/
40,Pathways Beyond Neoliberalism Fellowships,Master's,"29-Oct 2024

16 -Jan-2025

08-May-2025",Egypt,"full tuition, stipend or maintenance (monthly/annually), travel allowance, accommodation, health allowance",TOEFL,"Special consideration for displaced and marginalized students Algeria, Comoros, Djibouti, Egypt, Iraq, Jordan, Lebanon, Libya, Mauritania, Morocco, Palestine, Somalia, Sudan, Syria, Tunisia, Yemen",https://www.aucegypt.edu/admissions/fellowships/listing/pathways-beyond-neoliberalism
41,Rhodes Scholarship,"Master's, PhD",Applications are open for 2026 cycle,UK,"full tuition, stipend or maintenance (monthly/annually), visa cost, travel allowance, unclear",Depends on university or degree program,"£19,800. Outstanding young leaders focusing on public service. Age must be under 24. Will consider applicants up to the age of 27 in some cases",https://www.rhodeshouse.ox.ac.uk/scholarships/the-rhodes-scholarship/
42,Felix Non-Indian Scholarship at SOAS,"Master's, PhD",31-Jan-2025,UK,"full tuition, stipend or maintenance (monthly/annually), travel allowance","IELTS, TOEFL",SOAS University of London. See English language requirements here: https://www.soas.ac.uk/english-language-requirements ,https://www.soas.ac.uk/study/student-life/finance/scholarships/felix-non-indian-scholarship
43,Mahmoud S. Rabbani Scholarship,"Master's, PhD",Closed,The Netherlands,one-time specific value,Depends on university or degree program,"Open to Arab students who have received an official acceptance letter for a Master’s or a Ph.D programme in the Netherlands.

The maximum scholarship amount is €15,000.",https://rabbanifoundation.org/scholarships/msr-scholarships/
44,PACC Scholarships (USA),Bachelor's,Closed,USA,one-time specific value,IELTS,"Multiple awards; based on community service, GPA, Arabic background",https://www.paccusa.org/scholarship.html
45,Refugee and Displaced Persons Scholarships – University of London,"Bachelor's, Master's, PhD",Depends on programme,UK,full tuition,,"For those with refugee or displaced person status
Multiple options available",https://www.london.ac.uk/study/fees-funding/funding-study/scholarships-bursaries/refugee-displaced-persons-scholarships
46,Chevening Scholarship ,Master's,7-Oct-2025,UK,"stipend or maintenance (monthly/annually), full tuition, travel allowance, visa cost",Depends on university or degree program,,https://www.chevening.org/scholarship/occupied-palestinian-territories/
47,Said Foundation,Master's,31-Oct-2025,UK,"full tuition, stipend or maintenance (monthly/annually), visa cost, travel allowance, health allowance",Depends on university or degree program,Around 20 - 30 scholarships are awarded annually,https://saidfoundation.org/scholarships/
48,Gaza-Palestine Postgraduate Taught Scholarship – University of Sheffield,Master's,Closed,UK,"full tuition, stipend or maintenance (monthly/annually), accommodation",unclear,For a citizen of Gaza,https://www.sheffield.ac.uk/international/fees-and-funding/scholarships/postgraduate/gaza?fbclid=IwY2xjawE1L1BleHRuA2FlbQIxMQABHUYiOfAuU5QnIwVHQnSX8y2XajvK_2K-u1jWtg5NedP8LruuwaA_tQnesA_aem_5pJWcQwM4xQzllv5kRbv4Q
49,Ireland-Palestine Scholarship Programme,Master's,2026/2027 application link is not available,Ireland,"full tuition, stipend or maintenance (monthly/annually), health allowance, travel allowance, visa cost, accommodation","IELTS, TOEFL, Duolingo Test","For inquiries, please contact Amideast :For Gaza applicants: Tel: 02-2408023 ext. 130",https://www.ireland.ie/en/ramallah/about/ireland-palestine-scholarship-programme/
50,Fulbright,"Master's, PhD",closed for 2026/2027,USA,"full tuition, stipend or maintenance (monthly/annually), travel allowance","IELTS, TOEFL, Duolingo Test",Submitting English test scores is optional,https://www.amideast.org/our-work/find-a-scholarship/graduate-study/fulbright/how-to-apply/fulbright-foreign-student-program-for-west-bank-and
51,McCall McBain Scholars,Master's,closed,Canada,"full tuition, travel allowance, stipend or maintenance (monthly/annually)","IELTS, TOEFL","McGill University. In addition to Master's degrees, the following ""second-entry professional undergraduate degrees"" are eligible: BCL/JD (Law), DMD (Dentistry), MDCM (Medicine)",https://mccallmacbainscholars.org/
52,QRDI Fellowship for Displaced Arab Researchers (DAR),"Postdoc, Research Fellowship, Scholars at Risk",To be confirmed,Qatar,"stipend or maintenance (monthly/annually), travel allowance",,Must hold a PhD already. Fellowship for displaced Arab researchers / scholars at risk,https://innolight.qrdi.org.qa/opportunities/p/73
53,COPTY Scholarship,Master's,"To be confirmed, see notes section.",Northern Ireland (UK),"full tuition, accommodation",Depends on university or degree program,"Queen's University Belfast. If the application opens, it is expected to open by late 2025 and close by March 2026. Please check regularly in advance.
",https://www.qub.ac.uk/Study/international-students/international-scholarships/middle-east-north-africa/copty-scholarship-terms-and-conditions/
54,University of Padua Students at Risk,"Bachelor's, Master's","To be confirmed, see notes section.",Italy,"full tuition, stipend or maintenance (monthly/annually)",Depends on university or degree program,"Unviersity of Padua. If the application opens, it is expected to open by May 2026. Please check regularly in advance.",https://www.unipd.it/en/students-at-risk
55,France Excellence Scholarship Programme,"Master's, PhD","To be confirmed, see notes section.",France,"stipend or maintenance (monthly/annually), health allowance, visa cost, full tuition",Depends on university or degree program,"If the application opens, it is expected to open by October 2025 and close by December 2025. Please check regularly in advance.",https://jerusalem.consulfrance.org/-Universitaire-et-administrative-596-
56,"2026-2027 Fellowships for Palestinian Scholars Conducting Humanities and Social Science Field-Based Research on Palestine
","PhD, Postdoc, Research Fellowship",4-Dec-2025,"Palestine, Jordan, Lebanon, or Egypt",one-time specific value,,"Max award of 6,000 USD. Applicants must be scholars who have earned their PhD or doctoral students enrolled in a recognized degree program. Funds research focused on Gaza that must take place in Palestine, Jordan, Lebanon, or Egypt",https://www.parc-us-pal.org/fellowships-for-palestinians/
57,Hilde Domin Programme ,"Master's, PhD",closed for 2026/2027,Germany,"stipend or maintenance (monthly/annually), travel allowance, health allowance","IELTS, TOEFL, Duolingo Test","Applicants have to be nominated, and they cannot nominate themselves. They are nominated by the management (presidiums/rectorates) of an institution or organisation which is a legal entity domiciled in Germany and which carries out an activity in the field of science, research and teaching and/or the protection of human rights, the promotion of peace and democracy or the rule of law. The program is administered at several universities, including Technical University of Munich https://www.tum.de/en/studies/fees-and-financial-aid/scholarships/tum-scholarships/students-at-risk-hilde-domin-programme ",https://www.daad.de/en/studying-in-germany/scholarships/daad-funding-programmes/hilde-domin-programme/
58,Shireen Abu Akleh MA Scholarship in Palestine Studies,Master's,"To be confirmed, see notes section.",UK,"full tuition, stipend or maintenance (monthly/annually)",Depends on university or degree program,"University of Exeter. If the application opens, it is expected to close by May 2026. Please check regularly in advance.",https://www.exeter.ac.uk/study/funding/award/?id=5536
59,OSC Scholarships,"Master's, PhD",closed for 2026,Brazil,"full tuition, stipend or maintenance (monthly/annually)",Depends on university or degree program,Academic year starts usually in February. Choose to study at one of many Brazilian universities.,https://osc.int/scholarships/
60,MIT Emerging Talent in Computer and Data Science Certificate,Certificate Program,"To be confirmed, see notes section.",USA/remote,full tuition,unclear,"""Applications will be screened to assess English language fluency in speaking and writing."" Must have reliable access to computer and internet. All work is done remotely. If the application opens, it is expected to open by October 2025. Please check regularly in advance.",https://emergingtalent.mit.edu/apply/#eligibilitycriteria
61,UCL Access Opportunity Scholarship,Bachelor's,closed,UK,"full tuition, stipend or maintenance (monthly/annually)","IELTS, TOEFL",University College London,https://www.ucl.ac.uk/scholarships/ucl-access-opportunity-scholarship
62,PSSAR Mentorship Program,"PhD, Master's",undetermined (open currently),Canada,unclear,unclear,The aim of this initiative is to match students wishing to pursue a research degree with supervising professors from Canada.,https://applicants.pssar.ca/
63,King Fahad University,"Master's, PhD",To be confirmed,Saudi Arabia,"stipend or maintenance (monthly/annually), accommodation, health allowance, travel allowance","IELTS, TOEFL",King Fahd University of Petroleum & Minerals Chemical Engineering Department,https://che.kfupm.edu.sa/academic-programs/scholarships
64,University of Toronto Lester B. Pearson International Student Scholarships,Bachelor's,closed for 2026/2027,Canada,"full tuition, accommodation","IELTS, TOEFL, Duolingo Test",Applicants must be nominated by their secondary school and apply to undergraduate studies at the University of Toronto.,https://future.utoronto.ca/finances/awards/admission-awards/
65,Equal Opportunity Scholarship (Aachen),"Bachelor's, Master's, PhD",closed,Germany,stipend or maintenance (monthly/annually),unclear,"RWTH Aachen University. The funding is granted for eight months, with a funding amount of up to 934 euros per month.",https://www.rwth-aachen.de/go/id/bgvloc?lidx=1#aaaaaaaaabgvmeh
66,Qatar University International Students Scholarship,Bachelor's,"To be confirmed, see notes section.",Qatar,"full tuition, stipend or maintenance (monthly/annually), accommodation, travel allowance","IELTS, TOEFL","If the application opens, it is expected to open by March 2026. However, students will need to apply for the degree before the scholarship. Please check regularly in advance.",https://www.qu.edu.qa/en-us/students/admission/scholarships/Pages/types.aspx#competitive-scholarships
67,UNU EHS,Master's,15-Dec-2025,Germany,"stipend or maintenance (monthly/annually), travel allowance, health allowance","IELTS, TOEFL, Duolingo Test","Joint MSc in Geography of Environmental Risks and Human Security at the University of Bonn

Monthly payments of 992 euros for graduates.
Payments towards health, accident and personal liability insurance cover
Travel allowance, unless these expenses are covered by the home country or another source of funding
Under certain circumstances, scholarship holders may receive the following additional benefits:
Monthly rent subsidy
Monthly allowance for accompanying members of family",https://unu.edu/ehs/learning/msc-geography-environmental-risks-and-human-security
68,University of Sydney Master of Social Justice,Master's,To be confirmed,Australia,stipend or maintenance (monthly/annually),"IELTS, TOEFL","Full-time $8,000 AUD in the year of receipt of the scholarship. Part-time $4,000 AUD in the year of receipt of the scholarship.",https://www.sydney.edu.au/scholarships/b/peace-and-social-justice-scholarship.html
69,LSE ID project studenships,"Master's, PhD",closed,UK,unclear,"IELTS, TOEFL",London School of Economics International Development MRes/Phd programme ,https://www.lse.ac.uk/international-development/study/LSE-ID-Project-Studentships
70,Swiss Government Excellence Scholarship,"PhD, Research Fellowship, Postdoc",28-Nov-2025,Switzerland,"stipend or maintenance (monthly/annually), health allowance",Depends on university or degree program,"The research scholarship (research fellowship, PhD, Postdoc) is available to post-graduate researchers in any discipline (who hold a master’s degree is the minimum qualification required) who are planning to come to Switzerland to pursue research or further studies at doctoral or post-doctoral level.

Art scholarships are open to art students wishing to pursue an initial arts master’s degree in Switzerland.",https://www.sbfi.admin.ch/sbfi/en/home/education/scholarships-and-grants/swiss-government-excellence-scholarships.html#557188199
71,Dima AlHaj scholarship (Glasgow),"Bachelor's, Master's","To be confirmed, see notes section.",UK,"full tuition, accommodation, stipend or maintenance (monthly/annually)","TOEFL, IELTS","University of Glasgow, Applications for this scholarship will open in approximately October 2025 for 2026/27 entry. ",https://www.gla.ac.uk/scholarships/thedimaalhajscholarship/
72,Australia Awards Scholarship,Master's,"closed, reopen in February 2025",Australia,"full tuition, travel allowance, stipend or maintenance (monthly/annually), health allowance","IELTS, TOEFL",,https://www.dfat.gov.au/people-to-people/australia-awards/australia-awards-scholarships-opening-and-closing-dates and https://www.dfat.gov.au/sites/default/files/australia-awards-palestinian-territories-information-for-intake.pdf 
73,PEO- International Peace Scholarship Fund,"Bachelor's, Master's, PhD",15-Dec-2025,Canada/USA,stipend or maintenance (monthly/annually),unclear,"Women only. Max award is $12,500",https://www.peointernational.org/educational-support/international-peace-scholarship-fund/eligibility-and-application-process/
74,TechWomen Program,Certificate Program,To be confirmed,USA,"full tuition, travel allowance",,"Women professionals in STEM fields with a bachelor's degree and two years of experience
Albania, Algeria, Cameroon, Egypt, Jordan, Kazakhstan, Kenya, Kyrgyzstan, Lebanon, Libya, Morocco, Nigeria, Pakistan, Palestinian Territories, Rwanda, Sierra Leone, South Africa, Tajikistan, Tunisia, Turkmenistan, Uzbekistan, Zimbabwe        TechWomen Eligibility and Application",https://www.techwomen.org/participants/eligibility-and-application
75,Weidenfeld Hofman + Oxford University,"Master's, PhD",Dec 2025 or Jan 2026 (varies by degree program),UK,"full tuition, stipend or maintenance (monthly/annually)","IELTS, TOEFL","In order to be considered for this scholarship, you must select the Weidenfeld-Hoffmann Scholarships and Leadership Programme in the University of Oxford Scholarships section of the University's graduate application form and submit your application for graduate study by the relevant December or January deadline for your course.

Stipend is at least £20,780. The scholarships aim to support outstanding university graduates and professionals, mainly from developing and emerging economies, and who would not otherwise be able to support themselves to study at Oxford.  ",https://www.ox.ac.uk/admissions/graduate/fees-and-funding/fees-funding-and-scholarship-search/weidenfeld-hoffmann-scholarships-and-leadership-programme
76,Cambridge University,"Master's, PhD",Dependent on your course – either 3 December 2024 or 7 January 2025,UK,"full tuition, stipend or maintenance (monthly/annually), visa cost, travel allowance","IELTS, TOEFL",,https://www.gatescambridge.org/apply/timeline/
77,University of Toronto Scholars Program,Bachelor's,depends on degree program,Canada,partial tuition,"IELTS, TOEFL, Duolingo Test","$10,000 CAD in first year (non-renewable). Automatic consideration; a separate application is not required)",https://future.utoronto.ca/finances/awards/university-of-toronto-scholars-program/
78,University of Toronto President’s Scholars of Excellence Program,Bachelor's,depends on degree program,Canada,partial tuition,"IELTS, TOEFL, Duolingo Test","$15,000 CAD in first year (non-renewable). Automatic consideration; a separate application is not required)",https://future.utoronto.ca/scholarships/presidents-scholars-of-excellence-program/
79,University of Montreal International tuition fee exemptions,"Bachelor's, Master's, PhD",depends on degree program,Canada,partial tuition,Depends on university or degree program,"University of Montreal (Université de Montréal) is a French-language university. However, many graduate programs are in English. Undergraduate programs appear to be in French. The scholarship covers some, but not all, tuition fees.",https://admission.umontreal.ca/en/scholarship-for-international-students/
80,Netherldands scholarships ,"Bachelor's, Master's",Depends on university,Netherlands ,partial tuition,Depends on university or degree program,5000 Euro, https://www.studyinnl.org/finances/nl-scholarship
81,"Albukhary Foundation Scholarship at 
Architectural Association
School of Architecture","Bachelor's, Certificate Program","end of Feb 2025; however, the application to the program that the scholarship funds was due in Nov 2024",UK,"full tuition, accommodation, stipend or maintenance (monthly/annually), visa cost, travel allowance","IELTS, TOEFL","
Architectural Association
School of Architecture. The scholarship is awarded for the full duration of the five-year course in architecture comprising the Intermediate Programme and Diploma Programme. The scholarship is available to students who are commencing their studies in the First Year of the three-year Intermediate Programme, and upon successful completion of their studies go on to enter the two-year Diploma Programme.",https://www.aaschool.ac.uk/admissions/feesandfinancialassistance/albukharyscholarships
82,Joint Japan/World Bank Graduate Scholarship Program (JJ/WBGSP),Master's,"February 29, 2025 (Cycle 1) and May 24, 2025 (Cycle 2)",Various (partner universities globally),"full tuition, stipend or maintenance (monthly/annually), travel allowance",,Open to citizens of developing countries including Palestine; must have 3+ years development-related work experience,https://www.worldbank.org/en/programs/scholarships/jj-wbgsp
83,HAN University of Applied Sciences Scholarship,"Bachelor's, Master's","For degrees starting in September, 1 May 2025, 12 pm CEST	
For degrees starting in February, 19 October, 2025, 12 pm CEST",Netherlands ,partial tuition,"IELTS, TOEFL",You need to first apply and be accepted by a university in the Netherlands. Scholarship is only for about 2500 Euro per semester or per year.,https://www.hanuniversity.com/en/study-and-living/scholarships/
84,Brigham Young,,"if for fall 2025 entry, scholarships are closed",US,unclear,unclear,Unclear,"Scholarships Committee
BYU – Jerusalem Center
Mt. of Olives
Tel: +972-2-6265666
E-mail: byu-ps@jc.byu.ac"
85,Tomorrow's Leaders Program,"Bachelor's, Master's, PhD",Interviews: January 2025; Application Cycle: Closed,Lebanon,"full tuition, accommodation, health allowance",,"Socioeconomically underserved students. Must reside in eligible MENA countries. American University of Beirut, American University in Cairo, Lebanese American University",https://www.tomorrowsleadersprogram.org/?sfnsn=wa
86,"Palestinian Scholarship – Goldsmiths, University of London","Bachelor's, Master's",2-May-2025,United Kingdom,"full tuition, stipend or maintenance (monthly/annually), travel allowance","IELTS, TOEFL","For Palestinian students (priority: West Bank, Gaza, refugee camps); must hold an offer from Goldsmiths for 2025; must require UK Student Visa; scholarship covers one year only (if on two-year PG course); prioritized for applicants with no prior international university experience or completed postgraduate degree",https://www.gold.ac.uk/fees-funding/scholarships/palestinian-scholarship/
87,France Excellence Scholarship – Students from Gaza,"Bachelor's, Master's",Not specified,France,"stipend or maintenance (monthly/annually), travel allowance",,For Palestinian students from Gaza in Egypt/France,https://www.ifporient.org/scholarship-students-from-gaza-2024-2025/
88,Fulbright Foreign Student Program 2025–2026,"Master's, PhD",Not specified,United States,"full tuition, stipend or maintenance (monthly/annually), visa cost, travel allowance","TOEFL, IELTS",Open to Palestinians; leadership and academic merit emphasized,https://palestinianaffairs.state.gov/education/the-fulbright-foreign-student-program-for-2025-2026/
89,Gaza-Palestine Postgraduate Taught Scholarship – University of Sheffield,Master's,Not specified,United Kingdom,"full tuition, stipend or maintenance (monthly/annually), accommodation",,For students from Gaza,https://www.sheffield.ac.uk/international/fees-and-funding/scholarships/postgraduate/gaza
90,Brunei Scholarships for Palestinian Students 2025/2026,"Bachelor's, Master's",Not specified,Brunei,"full tuition, accommodation",,"Offered through the Palestinian Ministry; available at 5 Brunei institutions: UBD, PB, UNISSA, UTB, KUPU SB",https://www.mohe.pna.ps/scholarships/Post/5948
91,Dr. Jack G. Shaheen Mass Communications Scholarship,"Bachelor's, Master's, PhD",Not specified (typically spring),United States,stipend or maintenance (monthly/annually),,"For Arab American students pursuing degrees in mass communications, journalism, radio, TV, and film.",https://support.adc.org/a/shaheenscholarship
92,Palestine Crisis Scholarship Scheme – University of Oxford,Master's,Nov/Dec/Jan deadlines (2025-26 entry),United Kingdom,"full tuition, stipend or maintenance (monthly/annually)",,For individuals displaced by crisis in Gaza or West Bank,https://www.ox.ac.uk/admissions/graduate/fees-and-funding/fees-funding-and-scholarship-search/crisis-scholarship-scheme
93,ALSER Lab Research Opportunities,"Bachelor's, Master's, PhD",Ongoing recruitment cycles,Georgia,stipend or maintenance (monthly/annually),,"Research Position
Offers research positions in bioinformatics, computational genomics, and data science; funding based on specific roles",https://alserlab.github.io/
94,Talal Abu-Ghazaleh Digital MBA Scholarship,Master's,Ongoing recruitment cycles,Jordan,full tuition,,"Yes, for displaced Palestinians and refugees
Open to Palestinians, refugees, and displaced Arabs seeking an MBA program through MOOCs",https://www.tag-gu.global/News/en/news/5885#
95,UNRWA University Scholarships,"Bachelor's, Master's",Ongoing recruitment cycles,Global,"full tuition, partial tuition",,Palestine refugees demonstrating financial need and academic excellence,https://www.unrwa.org/what-we-do/university-scholarships
96,The Dr Maisara Alrayyes Scholarship,Master's,Open early 2025,UK,"full tuition, stipend or maintenance (monthly/annually), visa cost, travel allowance",Depends on university or degree program,King's College London Postgraduate Master’s Degree in a health or health science subject,https://www.kcl.ac.uk/the-dr-maisara-alrayyes-scholarship
97,Gazan Humanitarian Scholarship,"Bachelor's, Master's",Open early 2025,UK,"full tuition, stipend or maintenance (monthly/annually), travel allowance, visa cost, health allowance",,"£12,000 per annum
Open to Gazan citizens displaced outside Gaza, not in the UK; must apply for a course at Leeds beforehand",https://www.leeds.ac.uk/undergraduate-funding-university/doc/gazan-humanitarian-scholarship
98,INSEAD Said Foundation Scholarship Fund,Master's,Open early 2025,INSEAD,"partial tuition, full tuition",,MBA. Open to Syrian and Palestinian MBA students with demonstrated financial need and leadership potential,https://www.insead.edu/insead-said-foundation-scholarship-fund-syrian-and-palestinian-mba-students
99,Cuba Medical Scholarship,"Bachelor's, Master's, PhD",Open now,Cuba,"full tuition, accommodation, stipend or maintenance (monthly/annually)",unclear,"Palestinian medical students from West Bank, Gaza, or refugee camps",https://www.cubasi.cu/en/news/cuba-offers-200-fully-paid-scholarships-palestinian-medical-students-study-island
100,IIE-SRF Fellowship,"Postdoc, Research Fellowship, Scholars at Risk","Rolling, but for a possible decision in March 2025, application materials must be submitted by January 20, 2025. Awarded quarterly",Anywhere,stipend or maintenance (monthly/annually),,"Scholars at Risk program. 25,000 USD for the year.",https://www.scholarrescuefund.org/for-scholars/
101,UW -- Natural Disaster or Emergency Situation,Bachelor's,Transfer applications due 15-Feb-2025,US,,"IELTS, TOEFL, Duolingo Test",University of Washington. Applicants can fill out this Emergency Situation form to apply for scholarship. Exact amount awarded seems dependent on individual situation. Applicants from Gaza are encouraged to apply.,https://admit.washington.edu/contact/have-a-question/disasteroremergency/
102,Transilvania Academica Scholarship,"Bachelor's, Master's, PhD",Typically Jan–Mar (annual),Romania,"full tuition, accommodation, stipend or maintenance (monthly/annually)",,"Full-time only// Possibly TOEFL/IELTS waived case-by-case
Non-EU/EEA students with excellent academic record and extra-curricular achievements",https://tas.unitbv.ro
103,Qaddumi UK Master's Scholarship (2025),Master's,Typically opens annually Q1,All UK universities (institution agnostic),"full tuition, stipend or maintenance (monthly/annually), visa cost","IELTS, TOEFL",,https://qaddumi.org/en/masters-scholarship-in-uk-2025/
104,Albukhary International University scholarships ,,unclear,Malaysia,unclear,unclear,Must be between 18-22 years old. Additional information about this scholarship is very unclear.,https://aiu.edu.my/scholarship/
105,UWC Maastricht Palestine,Primary or Secondary School,unclear,Netherlands ,unclear,unclear,,https://www.uwcmaastricht.nl/project/a-future-for-palestine/
106,Cara Fellowship Programme,"Postdoc, PhD, Research Fellowship, Scholars at Risk",unclear,"UK, plus other countries",unclear,unclear,This is a fellowship program that places scholars at risk in universities and other institutions where they can continue their work.,https://www.cara.ngo/what-we-do/caras-fellowship-programme
107,Taiwan Ministry of Education Scholarship,"Bachelor's, Master's, PhD",unclear,Taiwan,"full tuition, stipend or maintenance (monthly/annually)",unclear,"It is very unclear if/how Palestinian students can apply to this scholarship, as the scholarship is administered through Taipei Economic and Cultural Offices (TECO) that function similar to embassies worldwide. Palestine does not have its own TECO office.",https://english.moe.gov.tw/cp-24-16833-23C09-1.html
108,Al Qasimia University,Bachelor's,unclear,United Arab Emirates,"stipend or maintenance (monthly/annually), travel allowance, visa cost, health allowance, accommodation",Depends on university or degree program,Al Qasimia University,https://www.alqasimia.ac.ae/en/AdmissionRegistration/Pages/AdmissionRequirements.aspx
109,Lusail University,Bachelor's,unclear,Qatar,"full tuition, travel allowance, accommodation, stipend or maintenance (monthly/annually), health allowance",Depends on university or degree program,"For additional information about the programs offered, please contact:

Academic Director of Qatar Scholarships
qatarscholarships@qatarfund.org.qa

Most programs are taught in Arabic",https://lu.edu.qa/international-students-2/?lang=en
110,King Faisal University,"Master's, PhD",unclear,Saudi Arabia,"full tuition, partial tuition",unclear,Exact amount varies based on program. ,https://www.kfu.edu.sa/en/Deans/HigherStudies/Pages/Non-Saudi-Scholarship.aspx
111,The McGill scholarships for at risk students and scholars,"Bachelor's, Master's, PhD, Postdoc, Research Fellowship, Scholars at Risk",unclear,Canada,"full tuition, stipend or maintenance (monthly/annually)",unclear,"application process is unclear. There is a contact form for interested applicants, but this is not the application itself. https://forms.office.com/Pages/ResponsePage.aspx?id=cZYxzedSaEqvqfz4-J8J6ka_m08nLC5FtTGbPo_ZZ49UNjRWTFBMRTc0Mk1OQlE4VTY1SjlCU1I1TyQlQCN0PWcu ",https://www.mcgill.ca/provost/initiatives/mcgill-students-and-scholars-risk-fund
112,Durban University,Postdoc,unclear,South Africa,unclear,unclear,"""The president has created two doctoral/post-doctoral Fellowships at CAPRISA in Durban South Africa for Palestinian scientists. Our focus is primarily infectious diseases.  For those interested contact
Quarraisha.AbdoolKarim@caprisa.org""",https://www.linkedin.com/posts/rana-dajani_the-president-has-created-two-doctoralpost-doctoral-activity-7252590887816339456-tCTC/?utm_source=share&utm_medium=member_ios
113,Grace Medicos Grant,Exchange Program,unclear,Brazil,stipend or maintenance (monthly/annually),,You must be a doctor and proficient in Portuguese. Mais Médicos para o Brasil offers opportunities for further education and training. A doctor participating in the program will be able to carry out a Specialization and a Master’s degree in up to four years. Physicians will also receive benefits that are proportional to the grant’s monthly value to work in city outskirts and remote regions of Brazil.,"https://www.gov.br/planalto/en/latest-news/2023/03/brazil-announces-its-new-mais-medicos-para-o-brazil-program 
https://docs.google.com/document/d/1MIiPkKBHkVD2rBQBE3ooqLbkoLJIp4CNxJY1HyqTW6I/edit?tab=t.0 "
114,KAUST,"Master's, PhD",Unclear,Saudi Arabia,"full tuition, stipend or maintenance (monthly/annually), accommodation, health allowance, visa cost, travel allowance","IELTS, TOEFL","King Abdullah University of
Science and Technology.

There is no separate application for the KAUST Fellowship. All admitted students automatically receive the KAUST Fellowship, except those funded through specific partnership or externally sponsored programs. If you are admitted, the details of the KAUST Fellowship will be outlined in your offer letter.","https://admissions.kaust.edu.sa/how-to-apply/admission-timelines 
https://admissions.kaust.edu.sa/fees-funding 
"
115,RWTH - IIT Madras,Research Fellowship,unclear if scholarship still operating in 2024/2025,"Germany, India",stipend or maintenance (monthly/annually),unclear,"For Master students and doctoral candidates from IIT Madras and RWTH Aachen University. Purpose of fellowship is provide funding for Master's or doctoral thesis research.

Master's students awarded 900 euros per month for up to six months. PhD students awarded 1,250 euros per month for three to six months.",https://www.rwth-aachen.de/go/id/lykwb?lidx=1#aaaaaaaaaalykzd
116,KAAD Scholarship Programme 1,"Master's, PhD, Postdoc, Research Fellowship","unclear, potentially rolling (always accepting applications)",Germany,unclear,,"Applicants must be of Catholic denomination (or generally belong to a Christian denomination, especially for applicants from the Near and Middle East). Applicants of another religion can be funded if they are proposed by Catholic partners in view of a documentable willingness to engage in interreligious dialogue.

Applicants must also have German language skills prior to entry (KAAD can provide for a German language course of max. 6 months in Germany).",https://www.kaad.de/en/stipendien
117,KAAD Scholarship Programme 2,"Master's, PhD","unclear, potentially rolling (always accepting applications)",Germany,unclear,,"Scholarship applications can be made exclusively through the Catholic University Chaplaincies (KHG or KSG) at your university location.

It is not possible to apply directly to KAAD Scholarship Programme 2. 

Applicants must already be studying in Germany and have at least 10 months of study remaining. They must also be of Catholic denomination (or belong to a Christian denomination, which applies especially for students from the Near and Middle East). Applicants from another religion can be supported if they are proposed by Catholic partners in view of a documentable willingness to engage in interreligious dialogue.

Applicants must have knowledge of the German language at least at a communication level.",https://www.kaad.de/en/stipendien/stipendienprogramm-2
118,Western University ,Bachelor's,"unclear; there is no specific Undergraduate application deadline if you are a Group B applicant, which includes international students. Deadlines vary at each university and sometimes depend on the program. Visit the university websites or contact the universities directly for their deadlines.",Canada,stipend or maintenance (monthly/annually),"IELTS, TOEFL, Duolingo Test","Western University in Canada. For scholarship consideration, you must have received an admission offer to an undergraduate program at Western’s main campus, and intend to register as full time student.

25,000 CAD / year for up to 4 years.

If you apply to Western and your English language proficiency test scores are close but don't quite meet our requirements, we could offer you a spot in the English Boost Program. We only offer this if you meet all other admission requirements. You are automatically considered, there is no extra application. ",https://registrar.uwo.ca/student_finances/scholarships_awards/admission/western_scholarships_for_globally_displaced_students.html
119,Bristol Think Big Programme,"Bachelor's, Master's, PhD","Undegraduate deadline: 24-Feb-2025
Postgraduate deadline: 23-Apr-2025",UK,stipend or maintenance (monthly/annually),Depends on university or degree program,"University of Bristol.

Think Big undergraduate scholarships are valued at £6,500 and £13,000 for each year of study.

Think Big postgraduate scholarships are valued at £6,500, £13,000 and £26,000 for each year of study.

The University of Bristol has many degree programs across several disciplines, including for instance a PhD program in cybersecurity. https://www.bristol.ac.uk/cdt/cyber-security/how-to-apply/ 

Other programs are here https://www.bristol.ac.uk/study/postgraduate/ and here https://www.bristol.ac.uk/study/undergraduate/ ",https://www.bristol.ac.uk/international/fees-finance/scholarships/
120,VLIR-UOS ICP Connect Scholarships,"Master's, Bachelor's",Varied,Belgium,"full tuition, travel allowance, stipend or maintenance (monthly/annually)",TOEFL,"Preference for vulnerable and displaced applicants
Bachelor's candidates (≤35), Advanced Master's (≤45)",https://www.vliruos.be/get-funded/study-scholarships
121,Development-Related Postgraduate Courses (EPOS) • DAAD,"Master's, PhD",varies,Germany,"stipend or maintenance (monthly/annually), health allowance, travel allowance",Depends on university or degree program,"Funds postgraduate courses in Germany on this list: https://static.daad.de/media/daad_de/pdfs_nicht_barrierefrei/in-deutschland-studieren-forschen-lehren/daad_epos_-_deadlines_2025_26.pdf 

Value: Depending on academic level, monthly payments of 992 euros for graduates or 1,300 euros for doctoral candidates
Payments towards health, accident and personal liability insurance cover
Travel allowance, unless these expenses are covered by the home country or another source of funding
Under certain circumstances, scholarship holders may receive the following additional benefits:
Monthly rent subsidy
Monthly allowance for accompanying members of family",https://static.daad.de/media/daad_de/pdfs_nicht_barrierefrei/in-deutschland-studieren-forschen-lehren/daad_epos_-_deadlines_2025_26.pdf
122,Scholarships and Fellowships – Dutch Scholars for Palestine,"Bachelor's, Master's",Varies,Netherlands,,,Specifically for Palestinians interested in Dutch academia,https://www.dutchscholarsforpalestine.nl/scholarships-and-fellowships-palestine
123,E-JUST Scholarship and Financial Aid,"Bachelor's, Master's",Varies,Egypt,,,Targeting exceptional students; scholarships for merit,https://www.ejust.edu.eg/ug-scholarships
124,Bseisu Foundation Scholarships,Master's,"Varies because Beisu offers many different fellowships, but they all look closed","UK, US, Palestine, Malaysia",full tuition,Depends on university or degree program,"The Bseisu Foundation offers different scholarships and funding opportunities across the UK, US, Middle East and Malaysia.",https://www.bseisufoundation.org/other-funding-opportunities and https://www.bseisufoundation.org/scholarships 
125,Erasmus Mundus,Master's,Varies because Erasmus Mundus offers many different degree programs at universities across Europe,Europe,"full tuition, health allowance, stipend or maintenance (monthly/annually), travel allowance",Depends on university or degree program,"Erasmus Mundus Joint Masters are prestigious international masters, jointly designed and delivered by a group of higher education institutions. They involve at least 3 institutions from at least 3 different countries, and multiple associated partners from the academic and non-academic world. Typically, they include periods of study, research, traineeship, thesis preparation and defence. 

You can view the website to find programs that suit your interests. 

Some programs require language proficiency in languages other than English. Check each individual program for exact details on scholarship coverage.","Erasmus Mundus Joint Masters are prestigious international masters, jointly designed and delivered by a group of higher education institutions. They involve at least 3 institutions from at least 3 different countries, and multiple associated partners from the academic and non-academic world. Typically, they include periods of study, research, traineeship, thesis preparation and defence. 

You can view the website to find programs that suit your interests.

Some programs require language proficiency in languages other than English. Check each individual program for exact details on scholarship coverage."
126,UWL PhD Opportunities,PhD,Varies by program,UK,full tuition,"TOEFL, IELTS",,https://www.uwl.ac.uk/research/phd-opportunities
127,Graduate Research Scholarships,"Master's, PhD",Varies; apply by the deadline for chosen course of study and you will be automatically considered for this scholarship,Australia ,"full tuition, stipend or maintenance (monthly/annually), health allowance, travel allowance",unclear,University of Melbourne,https://scholarships.unimelb.edu.au/awards/graduate-research-scholarships
128,Khalifa University of Science and Technology,"Master's, PhD",,UAE,"full tuition, accommodation, health allowance, travel allowance, visa cost",,Stipend of 20000 AED if you are a PhD student,https://www.ku.ac.ae/scholarships-postgraduate#international-students
129,Sijal Palestine Scholarship,Certificate Program,,Jordan,full tuition,,"Palestine Scholarships are awarded to students involved in peaceful, non-violent movements for Palestinian freedom and liberation, with a priority to those students who have faced violence or suspension as a result of their activism",https://www.sijal.org/palestine-scholarship
130,Gazan Women's Scholarship,"Bachelor's, Master's",,Canada,"full tuition, health allowance, travel allowance, stipend or maintenance (monthly/annually), accommodation",,"You must have been registered in a university in Gaza on October 6, 2023, and you must currently reside in Egypt.",https://docs.google.com/forms/d/e/1FAIpQLSdru8l9indOt-Wbo1H_KHZNSFbT1QPriswMZp4SYrKqP2sr-A/viewform
131,Data Camp ,Online,,,,,,
132,McCall McBain Scholars,Master's,closed for 2026/2027,Canada,"full tuition, travel allowance, stipend or maintenance (monthly/annually)","IELTS, TOEFL","McGill University. In addition to Master's degrees, the following ""second-entry professional undergraduate degrees"" are eligible: BCL/JD (Law), DMD (Dentistry), MDCM (Medicine)",https://mccallmacbainscholars.org/
133,Bseisu-UCL Scholarship,Master's,Typically late April,UK,"full tuition, stipend or maintenance (monthly/annually)",Depends on university or degree program,"Students from Lebanon, Jordan, Palestine, Syria; strong academic merit, financial need",https://www.ucl.ac.uk/scholarships/bseisu-ucl-scholarship
134,MTCP Scholarship,Master's,18-Jun-2025,Malaysia,"full tuition, stipend or maintenance (monthly/annually), travel allowance","Depends on university or degree program, TOEFL, IELTS",Open to citizens of developing countries with work experience and strong academic merit,https://mtcp.kln.gov.my/scholarship
135,CRUI–MAECI Italian University Scholarships for Palestinians,Master's,variable -,Italy,"full tuition, stipend or maintenance (monthly/annually), accommodation",,Note: deadlines for language course in early May. University deadlines differ,https://www.crui.it/home-ri/iupals-italian-universities-for-palestinian-students.html
136,NAWA Banach Scholarship,Master's,8-May-2026,Poland,"full tuition, stipend or maintenance (monthly/annually)",,Note: call opened 13/04,https://nawa.gov.pl/en/students/foreign-students/the-banach-scholarship-programme/about-the-programme
